Amazon,ID_002,M,MBridges@uaa.hume.vt.edu
Amazon,ID_006,M,EthanBOsterhout@uaa.hume.vt.edu
Amazon,ID_063,M,OsceolaLocklear@uaa.hume.vt.edu
Amazon,ID_109,F,ShannonMFincham@uaa.hume.vt.edu
Amazon,ID_115,F,TiffanyADeleon@uaa.hume.vt.edu
Amazon,ID_118,F,NicoleJPurser@uaa.hume.vt.edu
Amazon,ID_165,F,ZacariasSaldivarMuro@uaa.hume.vt.edu
Amazon,ID_199,F,YeneneGarcia@uaa.hume.vt.edu
Best_Buy,ID_045,M,FredSMarsh@uaa.hume.vt.edu
Best_Buy,ID_191,F,SylvannaNorman@uaa.hume.vt.edu
Facebook,ID_010,M,StephenJPearson@uaa.hume.vt.edu
Facebook,ID_035,M,EugeneBMcCarthy@uaa.hume.vt.edu
Facebook,ID_088,M,FortunatoHernandesRincon@uaa.hume.vt.edu
Facebook,ID_090,M,LemuelNietoGuevara@uaa.hume.vt.edu
Facebook,ID_158,F,MaryDWright@uaa.hume.vt.edu
Facebook,ID_167,F,DioclesValadezBernal@uaa.hume.vt.edu
Facebook,ID_179,F,AnelidaCejaLuna@uaa.hume.vt.edu
Facebook,ID_190,F,KelseyBlackwell@uaa.hume.vt.edu
Facebook,ID_192,F,RaileighSpencer@uaa.hume.vt.edu
Instagram,ID_125,F,JeanetteKTrevino@uaa.hume.vt.edu
Instagram,ID_154,F,JudithABrown@uaa.hume.vt.edu
Instagram,ID_168,F,QuimeySanabriaCortes@uaa.hume.vt.edu
Instagram,ID_174,F,ArmindaOliveraHidalgo@uaa.hume.vt.edu
Instagram,ID_176,F,TomasaAlvarezRincon@uaa.hume.vt.edu
Instagram,ID_177,F,DesideriaCardenasFeliciano@uaa.hume.vt.edu
Instagram,ID_188,F,TyniceCook@uaa.hume.vt.edu
LinkedIn,ID_085,M,EmilNegreteGamboa@uaa.hume.vt.edu
LinkedIn,ID_195,F,QiongHsiao@uaa.hume.vt.edu
Reddit,ID_012,M,CharlesRCastonguay@uaa.hume.vt.edu
Reddit,ID_042,M,WilliamHLeger@uaa.hume.vt.edu
Reddit,ID_089,M,ReginaldoHernandezCotto@uaa.hume.vt.edu
Reddit,ID_120,F,AnnaAMuff@uaa.hume.vt.edu
Reddit,ID_131,F,HeatherDRobinson@uaa.hume.vt.edu
Reddit,ID_137,F,TracyWNewsome@uaa.hume.vt.edu
Reddit,ID_156,F,MariaWGarmon@uaa.hume.vt.edu
Reddit,ID_083,M,DyonteReid@uaa.hume.vt.edu
TikTok,ID_048,M,DarrellAKing@uaa.hume.vt.edu
TikTok,ID_053,M,ThomasACook@uaa.hume.vt.edu
TikTok,ID_058,M,JackHLehr@uaa.hume.vt.edu
TikTok,ID_114,F,FayeCGonzales@uaa.hume.vt.edu
TikTok,ID_129,F,WendyOHarrold@uaa.hume.vt.edu
TikTok,ID_138,F,AmandaJCrabtree@uaa.hume.vt.edu
TikTok,ID_151,F,ElizabethKBattle@uaa.hume.vt.edu
TikTok,ID_162,N,CourtneyJDenker@uaa.hume.vt.edu
Twitter,ID_038,M,DerekAAltman@uaa.hume.vt.edu
Twitter,ID_046,M,KendallJCho@uaa.hume.vt.edu
Twitter,ID_050,M,GeraldJReynolds@uaa.hume.vt.edu
Twitter,ID_052,M,PatrickJFullerton@uaa.hume.vt.edu
Twitter,ID_068,M,OobaKiyosumi@uaa.hume.vt.edu
Twitter,ID_069,M,NozawaMugen@uaa.hume.vt.edu
Twitter,ID_076,M,KerrelPeters@uaa.hume.vt.edu
Twitter,ID_095,M,BastienRojoValdes@uaa.hume.vt.edu
Twitter,ID_186,F,MarkeshiaMosley@uaa.hume.vt.edu
Youtube-Google,ID_023,M,FredricSParker@uaa.hume.vt.edu
Youtube-Google,ID_070,M,YamagishiAtsuo@uaa.hume.vt.edu
Youtube-Google,ID_110,F,BettyMPannell@uaa.hume.vt.edu
